<?xml version="1.0" encoding="UTF-8"?>
<!DOCTYPE mapper PUBLIC "-//mybatis.org//DTD Mapper 3.0//EN" "http://mybatis.org/dtd/mybatis-3-mapper.dtd" >
<mapper namespace="com.spring.dao.JoinDAO">

	<insert id="insertUser" parameterType="JoinUser"
		useGeneratedKeys="true">
		INSERT INTO tbl_user VALUES
		(#{name},#{email},#{password},#{phone},#{address},#{sex},#{age},curtime(),1,null);
	</insert>
	<insert id="insertRealtor" parameterType="JoinRealtor"
		useGeneratedKeys="true">
		INSERT INTO tbl_realtor VALUES
		(#{name},#{email},#{password},#{phone},#{address},#{sex},#{age},curtime(),2,#{realtorNumber},#{ownerNumber},null,null,#{agencyName},#{agencyAddress},#{tel},null);
	</insert>


	<update id="getKey" parameterType="Map" useGeneratedKeys="true">
		UPDATE
		tbl_user SET checkEmail=#{param2} WHERE email=#{param1}
	</update>
	<update id="alterKey" parameterType="Map" useGeneratedKeys="true">
		UPDATE tbl_user SET checkEmail = 'Y' WHERE email=#{param1} AND
		checkEmail=#{param2}
	</update>


	<update id="getKey_Realtor" parameterType="Map"
		useGeneratedKeys="true">
		UPDATE tbl_realtor SET checkEmail=#{param2} WHERE
		email=#{param1}
	</update>
	<update id="alterKey_Realtor" parameterType="Map"
		useGeneratedKeys="true">
		UPDATE tbl_realtor SET checkEmail = 'Y' WHERE
		email=#{param1} AND checkEmail=#{param2}
	</update>

	<select id="emailck" parameterType="Map" resultType="java.lang.Integer">
		SELECT count(*) AS count FROM (
		SELECT email FROM tbl_user WHERE email=#{email}
		UNION
		SELECT email FROM tbl_realtor WHERE email=#{email}
		)x  <!-- 괄호 안에 있는 것들이 괄호 밖 x(문자)로 대체가 되는 것 -->
		WHERE email=#{email}
	</select>
</mapper>
