<?xml version="1.0" encoding="UTF-8"?>
<!DOCTYPE mapper
	 PUBLIC "-//mybatis.org//DTD Mapper 3.0//EN"
	 "http://mybatis.org/dtd/mybatis-3-mapper.dtd">
	 
<mapper namespace="com.spring.dao.NoticeBoardDAO">
    <insert id="saveNoticeBoard" parameterType="NoticeBoard">
        INSERT INTO noticeboard  VALUES (#{id},#{title},#{contents},curdate())
    </insert>
   
	<select id="getNoticeBoardById" parameterType="int" resultType="NoticeBoard">
        SELECT * FROM noticeboard WHERE id = #{id}
    </select>
 
    <select id="getAllNoticeBoard" resultType="NoticeBoard">
        SELECT * FROM noticeboard order by id desc
    </select>
    
    <select id="getAllCount" resultType="int">
        select count(*) as id from noticeboard
    </select>
    
    <select id="getList" parameterType="com.spring.dto.PageMaker" resultType="NoticeBoard">
    	SELECT * FROM noticeboard ORDER BY id DESC LIMIT #{pageid},#{total};
    </select>
    
    <select id="getAllCountSearch" parameterType="String" resultType="int">
        select count(*) as id from noticeboard WHERE title LIKE CONCAT('%',#{keyword},'%');
    </select>
    
    <select id="getNoticeSearch" parameterType="com.spring.dto.PageMaker2" resultType="NoticeBoard">
    	SELECT * FROM noticeboard WHERE title LIKE CONCAT('%',#{keyword},'%') ORDER BY id DESC LIMIT #{pageid},#{total};
    </select>
</mapper>