<?xml version="1.0" encoding="UTF-8"?>
<!DOCTYPE mapper
	PUBLIC "-//mybatis.org//DTD Mapper 3.0//EN" 
	"http://mybatis.org/dtd/mybatis-3-mapper.dtd" >
<mapper namespace="com.spring.dao.BmemberDAO8">
	<resultMap id="result" type="Bmember">
        <result property="id" column="id"/>
        <result property="content" column="content"/>
	</resultMap>
	
	<insert id="Create" parameterType="Bmember">
        INSERT INTO todolist (id, content)
        VALUES (null,#{content})
    </insert>
	
	<select id="Read" resultType="Bmember">
		SELECT * FROM todolist ORDER BY id asc; 
	</select>
	
    <update id="Update" >
    	UPDATE todolist 
      	SET content = #{content} 
      	WHERE id = #{id}
    </update>
    
    <delete id="Delete">
		delete from todolist WHERE id = #{id}
	</delete>
	
</mapper>