[{"기준_년_코드":2019,"기준_분기_코드":1,"시군구_코드":11740,"시군구_코드_명":"강동구","상권_변화_지표":"HL","상권_변화_지표_명":"상권축소","운영_영업_개월_평균":142,"폐업_영업_개월_평균":58,"서울_운영_영업_개월_평균":130,"서울_폐업_영업_개월_평균":58},
{"기준_년_코드":2019,"기준_분기_코드":1,"시군구_코드":11710,"시군구_코드_명":"송파구","상권_변화_지표":"HH","상권_변화_지표_명":"정체","운영_영업_개월_평균":132,"폐업_영업_개월_평균":59,"서울_운영_영업_개월_평균":130,"서울_폐업_영업_개월_평균":58},
{"기준_년_코드":2019,"기준_분기_코드":1,"시군구_코드":11680,"시군구_코드_명":"강남구","상권_변화_지표":"LL","상권_변화_지표_명":"다이나믹","운영_영업_개월_평균":115,"폐업_영업_개월_평균":53,"서울_운영_영업_개월_평균":130,"서울_폐업_영업_개월_평균":58},
{"기준_년_코드":2019,"기준_분기_코드":1,"시군구_코드":11650,"시군구_코드_명":"서초구","상권_변화_지표":"LL","상권_변화_지표_명":"다이나믹","운영_영업_개월_평균":128,"폐업_영업_개월_평균":58,"서울_운영_영업_개월_평균":130,"서울_폐업_영업_개월_평균":58},
{"기준_년_코드":2019,"기준_분기_코드":1,"시군구_코드":11620,"시군구_코드_명":"관악구","상권_변화_지표":"HL","상권_변화_지표_명":"상권축소","운영_영업_개월_평균":138,"폐업_영업_개월_평균":57,"서울_운영_영업_개월_평균":130,"서울_폐업_영업_개월_평균":58},
{"기준_년_코드":2019,"기준_분기_코드":1,"시군구_코드":11590,"시군구_코드_명":"동작구","상권_변화_지표":"HH","상권_변화_지표_명":"정체","운영_영업_개월_평균":131,"폐업_영업_개월_평균":60,"서울_운영_영업_개월_평균":130,"서울_폐업_영업_개월_평균":58},
{"기준_년_코드":2019,"기준_분기_코드":1,"시군구_코드":11560,"시군구_코드_명":"영등포구","상권_변화_지표":"HH","상권_변화_지표_명":"정체","운영_영업_개월_평균":136,"폐업_영업_개월_평균":59,"서울_운영_영업_개월_평균":130,"서울_폐업_영업_개월_평균":58},
{"기준_년_코드":2019,"기준_분기_코드":1,"시군구_코드":11545,"시군구_코드_명":"금천구","상권_변화_지표":"LH","상권_변화_지표_명":"상권확장","운영_영업_개월_평균":124,"폐업_영업_개월_평균":59,"서울_운영_영업_개월_평균":130,"서울_폐업_영업_개월_평균":58},
{"기준_년_코드":2019,"기준_분기_코드":1,"시군구_코드":11530,"시군구_코드_명":"구로구","상권_변화_지표":"HH","상권_변화_지표_명":"정체","운영_영업_개월_평균":132,"폐업_영업_개월_평균":59,"서울_운영_영업_개월_평균":130,"서울_폐업_영업_개월_평균":58},
{"기준_년_코드":2019,"기준_분기_코드":1,"시군구_코드":11500,"시군구_코드_명":"강서구","상권_변화_지표":"LL","상권_변화_지표_명":"다이나믹","운영_영업_개월_평균":117,"폐업_영업_개월_평균":54,"서울_운영_영업_개월_평균":130,"서울_폐업_영업_개월_평균":58},
{"기준_년_코드":2019,"기준_분기_코드":1,"시군구_코드":11470,"시군구_코드_명":"양천구","상권_변화_지표":"HL","상권_변화_지표_명":"상권축소","운영_영업_개월_평균":137,"폐업_영업_개월_평균":57,"서울_운영_영업_개월_평균":130,"서울_폐업_영업_개월_평균":58},
{"기준_년_코드":2019,"기준_분기_코드":1,"시군구_코드":11440,"시군구_코드_명":"마포구","상권_변화_지표":"LL","상권_변화_지표_명":"다이나믹","운영_영업_개월_평균":113,"폐업_영업_개월_평균":55,"서울_운영_영업_개월_평균":130,"서울_폐업_영업_개월_평균":58},
{"기준_년_코드":2019,"기준_분기_코드":1,"시군구_코드":11410,"시군구_코드_명":"서대문구","상권_변화_지표":"HH","상권_변화_지표_명":"정체","운영_영업_개월_평균":136,"폐업_영업_개월_평균":58,"서울_운영_영업_개월_평균":130,"서울_폐업_영업_개월_평균":58},
{"기준_년_코드":2019,"기준_분기_코드":1,"시군구_코드":11380,"시군구_코드_명":"은평구","상권_변화_지표":"HL","상권_변화_지표_명":"상권축소","운영_영업_개월_평균":133,"폐업_영업_개월_평균":57,"서울_운영_영업_개월_평균":130,"서울_폐업_영업_개월_평균":58},
{"기준_년_코드":2019,"기준_분기_코드":1,"시군구_코드":11350,"시군구_코드_명":"노원구","상권_변화_지표":"HL","상권_변화_지표_명":"상권축소","운영_영업_개월_평균":134,"폐업_영업_개월_평균":56,"서울_운영_영업_개월_평균":130,"서울_폐업_영업_개월_평균":58},
{"기준_년_코드":2019,"기준_분기_코드":1,"시군구_코드":11320,"시군구_코드_명":"도봉구","상권_변화_지표":"LL","상권_변화_지표_명":"다이나믹","운영_영업_개월_평균":116,"폐업_영업_개월_평균":54,"서울_운영_영업_개월_평균":130,"서울_폐업_영업_개월_평균":58},
{"기준_년_코드":2019,"기준_분기_코드":1,"시군구_코드":11305,"시군구_코드_명":"강북구","상권_변화_지표":"LL","상권_변화_지표_명":"다이나믹","운영_영업_개월_평균":120,"폐업_영업_개월_평균":53,"서울_운영_영업_개월_평균":130,"서울_폐업_영업_개월_평균":58},
{"기준_년_코드":2019,"기준_분기_코드":1,"시군구_코드":11290,"시군구_코드_명":"성북구","상권_변화_지표":"LH","상권_변화_지표_명":"상권확장","운영_영업_개월_평균":130,"폐업_영업_개월_평균":59,"서울_운영_영업_개월_평균":130,"서울_폐업_영업_개월_평균":58},
{"기준_년_코드":2019,"기준_분기_코드":1,"시군구_코드":11260,"시군구_코드_명":"중랑구","상권_변화_지표":"HL","상권_변화_지표_명":"상권축소","운영_영업_개월_평균":131,"폐업_영업_개월_평균":57,"서울_운영_영업_개월_평균":130,"서울_폐업_영업_개월_평균":58},
{"기준_년_코드":2019,"기준_분기_코드":1,"시군구_코드":11230,"시군구_코드_명":"동대문구","상권_변화_지표":"HH","상권_변화_지표_명":"정체","운영_영업_개월_평균":132,"폐업_영업_개월_평균":58,"서울_운영_영업_개월_평균":130,"서울_폐업_영업_개월_평균":58},
{"기준_년_코드":2019,"기준_분기_코드":1,"시군구_코드":11215,"시군구_코드_명":"광진구","상권_변화_지표":"LL","상권_변화_지표_명":"다이나믹","운영_영업_개월_평균":127,"폐업_영업_개월_평균":55,"서울_운영_영업_개월_평균":130,"서울_폐업_영업_개월_평균":58},
{"기준_년_코드":2019,"기준_분기_코드":1,"시군구_코드":11200,"시군구_코드_명":"성동구","상권_변화_지표":"LH","상권_변화_지표_명":"상권확장","운영_영업_개월_평균":127,"폐업_영업_개월_평균":64,"서울_운영_영업_개월_평균":130,"서울_폐업_영업_개월_평균":58},
{"기준_년_코드":2019,"기준_분기_코드":1,"시군구_코드":11170,"시군구_코드_명":"용산구","상권_변화_지표":"LH","상권_변화_지표_명":"상권확장","운영_영업_개월_평균":129,"폐업_영업_개월_평균":60,"서울_운영_영업_개월_평균":130,"서울_폐업_영업_개월_평균":58},
{"기준_년_코드":2019,"기준_분기_코드":1,"시군구_코드":11140,"시군구_코드_명":"중구","상권_변화_지표":"HH","상권_변화_지표_명":"정체","운영_영업_개월_평균":148,"폐업_영업_개월_평균":69,"서울_운영_영업_개월_평균":130,"서울_폐업_영업_개월_평균":58},
{"기준_년_코드":2019,"기준_분기_코드":1,"시군구_코드":11110,"시군구_코드_명":"종로구","상권_변화_지표":"HH","상권_변화_지표_명":"정체","운영_영업_개월_평균":142,"폐업_영업_개월_평균":68,"서울_운영_영업_개월_평균":130,"서울_폐업_영업_개월_평균":58}
]